ID;Название;Цена (руб);Дата;Ссылка
i4304710046;Зеркальный фотоаппарат Canon eos 1100d;7 500;01-10-2024;https://www.avito.ru//simferopol/fototehnika/zerkalnyy_fotoapparat_canon_eos_1100d_4304710046
i4149136712;Canon eos 1100d;14 000;02-10-2024;https://www.avito.ru//simferopol/fototehnika/canon_eos_1100d_4149136712
i4381622383;Фотоаппарат Sony ilce-3500;10 000;02-10-2024;https://www.avito.ru//simferopol/fototehnika/fotoapparat_sony_ilce-3500_4381622383
i4350497904;Зеркальный фотоаппарат canon eos 1300D(W);15 000;25-09-2024;https://www.avito.ru//simferopol/fototehnika/zerkalnyy_fotoapparat_canon_eos_1300dw_4350497904
i4472065569;Nikon F55+ Nikkor аf 28-80/3.3-5.6 G;5 700;28-09-2024;https://www.avito.ru//simferopol/fototehnika/nikon_f55_nikkor_af_28-803.3-5.6_g_4472065569
i2798780630;Nikon d3200 18-55 18-105;10 000;28-09-2024;https://www.avito.ru//simferopol/fototehnika/nikon_d3200_18-55_18-105_2798780630
i4553712337;Зеркальный фотоаппарат canon eos 550d;11 000;26-09-2024;https://www.avito.ru//simferopol/fototehnika/zerkalnyy_fotoapparat_canon_eos_550d_4553712337
i3967380221;Фотоаппарат nikon d3100;7 500;25-09-2024;https://www.avito.ru//simferopol/fototehnika/fotoapparat_nikon_d3100_3967380221
i3432534374;Цифровой canon power shot sx 20 is;5 990;02-10-2024;https://www.avito.ru//simferopol/fototehnika/tsifrovoy_canon_power_shot_sx_20_is_3432534374
i3773892994;Canon 7 d тушка;15 000;25-09-2024;https://www.avito.ru//simferopol/fototehnika/canon_7_d_tushka_3773892994
i4128834541;Фотоаппарат nikon D3100 (14700 кадров);11 500;25-09-2024;https://www.avito.ru//simferopol/fototehnika/fotoapparat_nikon_d3100_14700_kadrov_4128834541
i2422103649;Nikon D3000 kit 18-55 пробег 14800(и аренда);10 000;25-09-2024;https://www.avito.ru//simferopol/fototehnika/nikon_d3000_kit_18-55_probeg_14800i_arenda_2422103649
i4356598817;Фотоаппарат canon eos 1100d;13 000;25-09-2024;https://www.avito.ru//simferopol/fototehnika/fotoapparat_canon_eos_1100d_4356598817
i4204819321;Фотоаппарат Nikon 5500 кадров;13 900;27-09-2024;https://www.avito.ru//simferopol/fototehnika/fotoapparat_nikon_5500_kadrov_4204819321
i4280172654;Зеркальный фотоаппарат Nikon 6267 кадров;13 900;25-09-2024;https://www.avito.ru//simferopol/fototehnika/zerkalnyy_fotoapparat_nikon_6267_kadrov_4280172654
i4117498868;Фотоаппарат;12 000;18-09-2024;https://www.avito.ru//simferopol/fototehnika/fotoapparat_4117498868
i2189175679;Зеркальный фотоаппарат Sonny a 300;9 000;25-09-2024;https://www.avito.ru//simferopol/fototehnika/zerkalnyy_fotoapparat_sonny_a_300_2189175679
i2176356106;Зеркальный фотоаппарат Nikon d3000 VR 18-55;10 000;18-09-2024;https://www.avito.ru//simferopol/fototehnika/zerkalnyy_fotoapparat_nikon_d3000_vr_18-55_2176356106
i3751600634;Зеркальный фотоаппарат Canon eos 400D(светофильтр);7 500;25-09-2024;https://www.avito.ru//simferopol/fototehnika/zerkalnyy_fotoapparat_canon_eos_400dsvetofiltr_3751600634
i3895385415;Продам зеркальный фотоаппарат;8 500;27-09-2024;https://www.avito.ru//simferopol/fototehnika/prodam_zerkalnyy_fotoapparat_3895385415
i4657494409;Зеркальный фотоаппарат nikon d3100 kit 18 55mm;12 000;29-09-2024;https://www.avito.ru//simferopol/fototehnika/zerkalnyy_fotoapparat_nikon_d3100_kit_18_55mm_4657494409
i2892356407;Зеркальный фотоаппарат nikon d3100;13 000;18-09-2024;https://www.avito.ru//simferopol/fototehnika/zerkalnyy_fotoapparat_nikon_d3100_2892356407
i921254959;Nikon D90;13 750;18-09-2024;https://www.avito.ru//simferopol/fototehnika/nikon_d90_921254959
i4041885262;Зеркальный фотоаппарат nikon d3100;12 000;18-09-2024;https://www.avito.ru//simferopol/fototehnika/zerkalnyy_fotoapparat_nikon_d3100_4041885262
i4141332402;Фотоаппарат зеркальный Canon;13 500;27-09-2024;https://www.avito.ru//simferopol/fototehnika/fotoapparat_zerkalnyy_canon_4141332402
i4147529574;Canon 7d;15 000;25-09-2024;https://www.avito.ru//simferopol/fototehnika/canon_7d_4147529574
i4440420951;Зеркальный фотоаппарат Nikon с поворотным экраном;13 000;25-09-2024;https://www.avito.ru//simferopol/fototehnika/zerkalnyy_fotoapparat_nikon_s_povorotnym_ekranom_4440420951
i4241065003;Фотоаппарат Объектив Yongnuo YN50MM F1.4NE Для Ник;11 999;11-09-2024;https://www.avito.ru//simferopol/fototehnika/fotoapparat_obektiv_yongnuo_yn50mm_f1.4ne_dlya_nik_4241065003
i4208208008;Зеркальный фотоаппарат canon 550d;14 000;18-09-2024;https://www.avito.ru//simferopol/fototehnika/zerkalnyy_fotoapparat_canon_550d_4208208008
i4737508539;Фотоаппарат Nikon D3200 Kit 18-55mm f/3.5-5.6 VR;13 000;11-09-2024;https://www.avito.ru//simferopol/fototehnika/fotoapparat_nikon_d3200_kit_18-55mm_f3.5-5.6_vr_4737508539
i2116046388;Объектив Canon EF 50 mm f/1.8 II (портретник);8 900;18-09-2024;https://www.avito.ru//simferopol/fototehnika/obektiv_canon_ef_50_mm_f1.8_ii_portretnik_2116046388
i4145058001;Фотоаппарат Объектив Nikon 35 mm 1.8;12 499;11-09-2024;https://www.avito.ru//simferopol/fototehnika/fotoapparat_obektiv_nikon_35_mm_1.8_4145058001
i3487206198;Зеркальный фотоаппарат canon 550d;11 000;11-09-2024;https://www.avito.ru//simferopol/fototehnika/zerkalnyy_fotoapparat_canon_550d_3487206198
i4239466176;Зеркальный фотоаппарат Саnоn EOS400D;15 000;25-09-2024;https://www.avito.ru//simferopol/fototehnika/zerkalnyy_fotoapparat_sanon_eos400d_4239466176
i3741841720;Зеркальная фотокамера Canon 1100d;10 000;11-09-2024;https://www.avito.ru//simferopol/fototehnika/zerkalnaya_fotokamera_canon_1100d_3741841720
i3445411799;Зеркальный фотоаппарат nikon d3100;12 000;25-09-2024;https://www.avito.ru//simferopol/fototehnika/zerkalnyy_fotoapparat_nikon_d3100_3445411799
i3734375866;Nikon D3200 kit 18-55mm (и аренда);13 000;25-09-2024;https://www.avito.ru//simferopol/fototehnika/nikon_d3200_kit_18-55mm_i_arenda_3734375866
i3701982179;Зеркальный фотоаппарат canon eos 1100d;15 000;11-09-2024;https://www.avito.ru//simferopol/fototehnika/zerkalnyy_fotoapparat_canon_eos_1100d_3701982179
i3366810806;Зеркальный фотоаппарат nikon d3200 body тушка;13 000;18-09-2024;https://www.avito.ru//simferopol/fototehnika/zerkalnyy_fotoapparat_nikon_d3200_body_tushka_3366810806
i4289501167;Фотоаппарат Canon 10710 кадров;13 500;25-09-2024;https://www.avito.ru//simferopol/fototehnika/fotoapparat_canon_10710_kadrov_4289501167
i2170431606;Фотоаппарат Sony Cyber-shot DSC-H300;5 500;11-09-2024;https://www.avito.ru//simferopol/fototehnika/fotoapparat_sony_cyber-shot_dsc-h300_2170431606
i907653951;Продам sony альфа200;7 500;25-09-2024;https://www.avito.ru//simferopol/fototehnika/prodam_sony_alfa200_907653951
i3518561970;Canon EOS 400D;15 000;25-09-2024;https://www.avito.ru//simferopol/fototehnika/canon_eos_400d_3518561970
i4529527444;Фотоаппарат Canon eos 500d;15 000;18-09-2024;https://www.avito.ru//simferopol/fototehnika/fotoapparat_canon_eos_500d_4529527444
i4149854984;Canon 1100D kit 18-55 пробег 13т (и аренда);10 000;26-09-2024;https://www.avito.ru//simferopol/fototehnika/canon_1100d_kit_18-55_probeg_13t_i_arenda_4149854984
i3964821574;Фотоаппарат nikon d90;6 000;18-09-2024;https://www.avito.ru//simferopol/fototehnika/fotoapparat_nikon_d90_3964821574
i3984686023;Зеркальный фотоаппарат nikon coolpix p530;10 000;11-09-2024;https://www.avito.ru//simferopol/fototehnika/zerkalnyy_fotoapparat_nikon_coolpix_p530_3984686023
i4075862916;Фотоаппарат Canon eos 400d digital;10 500;03-09-2024;https://www.avito.ru//simferopol/fototehnika/fotoapparat_canon_eos_400d_digital_4075862916
i2486206073;Canon 40D body (пр. 95т)и 50D(пр65т);5 000;25-09-2024;https://www.avito.ru//simferopol/fototehnika/canon_40d_body_pr._95ti_50dpr65t_2486206073
i4176979665;Фотоаппарат 12 Instar mini;8 499;25-09-2024;https://www.avito.ru//simferopol/fototehnika/fotoapparat_12_instar_mini_4176979665
